production_budget_usd,worldwide_gross_usd
1000000,26
10000,401
400000,423
750000,450
10000,527
1800000,673
1000000,703
6600000,828
1000000,884
7000,900
2000000,926
1000000,1036
700000,1160
200000,1217
9000000,1242
12000,1336
5000,1338
100000,1358
1400000,1632
300000,1711
500000,1778
500000,1822
10000,1987
1500000,2105
5000000,2199
9000000,2243
2000000,2436
175000,2602
1100000,2636
6500000,3149
3380000,3220
250000,3234
850000,3256
1600000,3264
600000,3301
2100000,3330
15000000,3471
300000,3496
27000,3547
40000,3632
200000,3648
1000000,3700
560000,3709
500000,4134
1200000,4254
4000000,4327
9000,4584
3000000,4655
15000000,4892
60000,4917
70000,4930
26000000,5000
3000000,5073
2000000,5361
1000000,5382
1000000,5494
150000,5858
200000,6260
18000000,6784
1000000,6870
200000,7033
150000,7193
900000,7396
240000,7484
5000000,7556
3250000,7680
1200000,7826
500000,7890
600000,7943
989000,8158
27000,8231
5000000,8297
50000,8374
560000,8462
70000,8555
75000,8799
10000000,9069
550000,9111
350000,9118
2500000,9598
30000,9812
1000000,9837
3500000,9871
2000000,10024
700000,10508
300000,10514
2000000,10679
300000,10876
35000000,11106
1000000,11574
4500000,11774
10000000,11894
500000,12232
4000000,12302
1900000,12444
425000,12604
3400000,12636
2000000,12667
4000000,12836
250000,12848
1000000,12996
500000,13134
1300000,13465
450000,13486
7500000,13524
6000000,13722
170000,14000
9000000,14443
12000000,14616
640000,14812
3800000,14873
5800000,15091
1000000,15156
4900000,15198
103000,16137
2650000,16556
1300000,16653
820000,16909
2000000,17061
1000000,17127
300000,17241
21000000,17396
180000,17503
4000000,17639
1000000,17721
2000000,17896
250000,18823
8000000,19585
10000000,19716
500000,19800
3300000,19875
100000,20056
5250000,20097
250000,20628
2000000,21000
1000000,21210
6840000,22273
1000000,22434
15000000,22441
450000,22623
15000000,22723
600000,23616
5500000,24956
40000,25572
2900000,25935
6000000,26007
1200000,26608
1000000,26822
1100000,27561
5500000,28468
2000000,28864
15000000,29050
3500000,29233
2300000,29384
168000,29827
70000,30312
930000,30905
2000000,30955
400000,31425
16000000,31631
1500000,31916
500000,32033
160000,32092
6000000,32544
7500000,32572
150000,32927
4500000,32961
300000,33312
68000,33598
4000000,34145
2500000,35017
2000000,35312
800000,35688
7000000,35919
6000000,36497
4000000,36630
2000000,37227
2160000,37865
300000,39475
3000000,39852
3300000,40262
3800000,41914
450000,42503
600000,42557
300000,42735
400000,44452
3750000,44462
747000,44566
200000,44701
2000000,45431
10000000,45779
7000000,46488
750000,47329
3000000,47469
11900000,48856
6800000,49526
250000,51540
1000000,51587
4500000,51957
1500000,52429
200000,52443
8000000,53086
500000,53201
500000,55000
1400000,56073
1100000,56491
5500000,56653
800000,58163
1500000,58692
1200000,58936
100000,59424
750000,59656
2300000,59696
15000000,61847
250000,62375
800000,62544
1000000,63014
4000000,63180
2000000,63555
6500000,64148
4000000,64359
5000000,67505
250000,67665
5700000,69582
10000000,70527
300000,70807
2600000,71248
7000,71644
2500000,72260
2000000,72277
2000000,72544
45000000,73706
4000000,75078
15000000,76382
2000000,76654
500000,77121
950000,78122
3000000,78948
40000000,79123
1200000,81338
1100000,81371
11900000,81897
30000,82698
3000000,82780
5000000,83356
350000,84689
600000,85343
9000000,85527
300000,87264
12000000,87793
400000,89134
1300000,90213
10000000,90909
25000000,91116
4500000,92723
10000,94596
16000000,94812
3000000,95204
1000000,96734
5000000,96760
3500000,96793
5000000,99147
2500000,100280
1000000,101531
4200000,101740
3000000,101773
2000000,102645
1000000,102812
30000,103509
7000000,103962
2000000,105377
10000000,106466
2500000,108907
10000000,109144
10000000,109383
100000,110536
150000,110719
1500000,113169
1000000,113433
3500000,113783
15000,115592
3000000,115879
6000000,117796
9500000,118482
2500000,118666
6000000,119452
1500000,119841
4000000,120016
5000000,121016
2000000,121807
3100000,123407
10500000,125169
10000000,126247
400000,126387
8000000,127188
25000000,129115
1600000,129319
1000000,130874
3000000,133411
2000000,134624
26000000,135436
10000,138711
1500000,139084
1900000,139317
200000,140016
30000000,141661
5000000,143273
30000000,143490
8000000,143782
1600000,145382
8000000,146083
25000000,146149
4000000,146402
2000000,147299
9000000,148826
10000000,150191
500000,152449
3000000,156362
160000,156612
18000000,157002
10000000,161097
200000,162605
3000000,163069
13400000,164247
1500000,165049
30000000,168832
170000,169242
650000,171962
1500000,172569
2900000,172867
1500000,173066
10000000,173472
600000,173599
10000000,173613
2500000,174255
200000,174682
300000,177507
250000,178095
12000000,178287
1100,181041
6000000,181798
42000000,182156
2450000,182358
3500000,182695
9000000,184255
1500000,184705
4000000,185577
250000,191862
1500000,194568
25000,195043
15000,195254
7000000,196067
40000000,196090
12000000,196857
8500000,198883
800000,200433
250000,203134
7500000,206400
9000000,208163
1300000,210904
200000,212989
1000000,213137
1000000,215559
12000000,220175
15000000,220944
3500000,221096
3000000,223652
6700000,223878
10000000,226792
1000000,227241
750000,229250
18000000,229311
11000000,229653
200000,236806
1500000,236863
250000,237816
4700000,239962
1500000,240396
6000,240495
10000000,241719
1600000,242443
3000000,242623
30000,243768
10000000,244465
1100000,247740
3000000,252726
500000,254293
1200000,255000
10600000,261364
14000000,266967
6000000,267194
4000000,267972
500000,271736
14000000,274299
40000,277233
20000000,277943
4500000,281447
5000000,282687
250000,284174
1900000,285593
100000,287000
1300000,288751
1000000,288757
10000000,290875
7200000,295492
3000000,295493
10000000,295750
4000000,302204
1000000,304472
2000000,304602
20000000,305070
7000000,306715
500000,308793
350000,310891
12000000,310946
4200000,313230
2100000,313436
10000000,314073
500000,314444
18000000,315000
15500000,318623
35000,321952
4000000,324218
17500000,325491
1300000,329621
3000000,331000
5000000,332120
3800000,340930
42000,342722
200000,346106
9000000,349618
5000000,353480
15000000,353743
4000000,354704
1000000,354836
10000000,355919
33000000,357687
17000000,364607
500000,367582
800000,371647
1500000,372239
4000000,373375
300000,373615
20000000,375474
3000000,379161
900000,381420
7000000,382946
4000000,384244
2200000,388390
6000000,391942
4000000,399793
300000,399908
50000,406299
500000,407100
5000000,407488
6000000,408159
7000000,411874
900000,413733
12000,413802
1500000,414404
8000000,414617
1125000,414736
1500000,418953
1600000,419428
5800000,421021
50000,424149
1000000,428535
25000,428923
135000,429448
400000,433588
420000,435168
200000,439651
5300000,440821
4000000,442550
850000,442638
8000000,446438
450000,450349
12000000,450594
9000000,454255
8000000,456814
9900000,458054
8000000,458232
800000,462206
7000000,463039
40000000,463730
2000000,466106
1000000,473769
2800000,475000
1000000,475367
1900000,478595
2000000,481525
7000000,492108
3400000,493905
2500000,497195
2400000,500296
1000000,501289
2500000,507446
13000000,509193
6000000,509424
1500000,510957
15500000,517262
8000000,524747
15000000,528731
15000000,529766
5600000,531806
2000000,539961
1000000,542909
14200000,543306
1000000,549185
2500000,549632
1000000,552614
10000000,552641
7500000,555335
12000000,557545
4000000,563711
2600000,564474
14500000,565801
5000000,567219
2300000,574838
8000000,589308
8000000,590817
2500000,593933
1200000,595018
4500000,597989
10000000,598645
500000,602789
66000,602920
21000000,606162
1300000,609042
825000,610776
375000,617172
12000000,622273
14000000,623292
38000000,623374
1000000,627287
18000000,627422
10000000,630427
35000000,630779
1750000,634803
1300000,635305
2000000,636706
5000000,648183
400000,655538
1700000,661221
24000000,669276
10000,673780
18000000,676698
4000000,679482
500000,680914
3200000,690872
2000000,691880
1000000,703020
4500000,713413
7000000,719699
10000000,721108
10000000,723388
5700000,731613
4600000,731767
1900000,740932
250000,743216
1300000,749741
2000000,759504
4000000,760678
6000000,773490
20000000,774905
25000000,780326
1800000,783733
35000000,786532
5250000,786677
21600000,791154
4000000,797439
4000000,800000
950000,814666
750000,814801
270000,830700
3000000,834953
10000000,836641
1000000,839145
7000,841926
1800000,842693
1000000,844377
5000000,851690
1000000,852206
1000000,852399
5000000,861325
5500000,863895
850000,865708
20000000,873617
25000000,881745
800000,881950
7700000,882290
9000000,883887
3500000,886410
1200000,887000
13500000,892506
5000000,894030
3000000,895932
558000,900000
10000000,900926
1305000,909000
15000000,909822
40000000,915840
5000000,927074
6800000,927107
30000000,929157
900000,958978
4600000,968805
8000000,973443
4000000,973613
4000000,978527
12000000,994790
10000000,997921
14000000,1000000
7000000,1000000
800000,1001437
1300000,1005840
10000000,1011054
750000,1011535
3000000,1022453
4500000,1022649
500000,1027228
225000,1032075
6500000,1033810
10000000,1049641
5000000,1050861
10000000,1051907
5500000,1060512
20000000,1065907
10100000,1066555
9000000,1069318
10000000,1069454
5000000,1075009
2000000,1075504
40000000,1079040
7700000,1080428
26000000,1083350
1000000,1087521
12500000,1100287
225000,1109276
500000,1111615
1500000,1126258
500000,1131261
2000000,1134358
700000,1140965
55000000,1147784
15000000,1148578
13000000,1152117
2000000,1152411
1000000,1156309
250000,1157672
4000000,1158877
200000,1161843
400000,1162014
10000000,1165102
200000,1165996
20000000,1167092
500000,1167524
3750000,1178175
1000000,1179462
12000000,1188194
25000000,1190003
18000000,1199510
4357373,1200000
12000000,1200346
4500000,1217307
23000,1227508
10000000,1230542
15500000,1237615
1000000,1239174
7000000,1246141
50000000,1250617
500000,1250798
1400000,1261792
7000000,1268346
2500000,1269705
1750000,1278471
6000000,1290920
450000,1297745
10000000,1299855
18000000,1305114
32000000,1308696
780000,1310470
35000000,1320043
1800000,1322161
3000000,1324299
2400000,1333891
500000,1348750
8300000,1353296
19000000,1353824
1000000,1355079
1100000,1355728
6000000,1365108
250000,1366235
323000,1373407
5000000,1375194
13000000,1375635
2100000,1381824
850000,1386088
7000000,1391410
3500000,1396395
15000000,1405032
12500000,1412799
25000000,1415656
300000,1416046
6000000,1418304
2400000,1420418
1000000,1425707
7000000,1429453
2000000,1433319
1900000,1445140
16000000,1467278
36000000,1480089
1000000,1492895
35000000,1500000
4500000,1500000
825000,1500711
5000000,1504960
12000000,1513388
5000000,1526697
10000000,1537479
1500000,1541131
27000000,1545064
1000000,1549000
14000000,1553556
10000000,1562800
190000,1577585
15000000,1590246
12000000,1595168
560000,1597233
400000,1600566
10400000,1610194
12500000,1612957
1000000,1615787
1500000,1619602
12000000,1620056
180000,1628579
9000000,1635241
10000000,1638202
10000000,1641788
10000000,1642939
20000000,1646664
1300000,1647780
2000000,1660865
7000000,1661464
2000000,1663296
6000000,1673635
16000000,1686429
2500000,1687548
15500000,1693000
5200000,1695126
24000000,1696765
4700000,1705139
16000000,1705908
7000000,1732228
29000000,1733532
1300000,1738663
6500000,1744952
30000000,1769316
350000,1772979
12000000,1779284
312000,1788168
7500000,1788324
55000000,1807990
3000000,1821983
12000000,1828400
1500000,1840248
16000000,1844228
1000000,1849392
7000000,1857458
2000000,1869928
10000000,1884251
7000000,1891936
14000000,1903952
4000000,1919197
7000000,1933829
1400000,1945420
15000000,1953732
10000000,1953882
15000000,1954202
750000,1960521
15000000,1970268
500000,1971479
17000000,1973945
4000000,1983596
2000000,1985292
4000000,1989035
35000000,2000000
20000000,2000000
11000000,2000000
5200000,2000000
1200000,2000000
200000,2000000
9000000,2000093
2500000,2013052
1000000,2022442
6500000,2025032
7000,2041928
2000000,2046090
500000,2047570
7000000,2053330
12000000,2062406
300000,2066892
2000000,2077844
5000000,2080693
1500000,2082980
175000,2102779
12000000,2104164
13000000,2104439
6100000,2108367
17000000,2110050
19000000,2119994
5952000,2120439
11000000,2124005
500000,2141436
2000000,2151887
45000000,2154540
7000000,2165637
800000,2194020
11000000,2200000
35000000,2221994
2000000,2226603
20000000,2246000
3000000,2255000
8000000,2256606
12500000,2272186
8000000,2275557
2000000,2279959
439000,2281000
16800000,2281089
20000000,2282710
1500000,2300000
650000,2301777
17000000,2315000
1000000,2315026
12000000,2326407
50000,2335352
2000000,2350641
5000000,2368937
10000000,2373937
1500000,2380606
18000000,2401413
4500000,2404639
19100000,2406666
27000000,2412123
2000000,2419669
200000,2430735
3750000,2436111
14000000,2461628
8000000,2476491
250000,2477155
4500000,2481925
18000000,2483790
1250000,2500000
325000,2500000
1700000,2507159
1200000,2509344
6000000,2522928
300000,2525984
10000000,2529395
4030000,2542264
9000000,2548378
1500000,2592308
1600000,2595644
8300000,2598224
13000000,2613717
1455000,2620000
1600000,2627795
300000,2652515
7000000,2667084
1000000,2684207
17000000,2694071
230000,2703762
7000000,2703821
450000,2712293
23000000,2715657
30000000,2717302
1000000,2721096
8000000,2721534
1500000,2730877
8000000,2772511
2000000,2791973
4000000,2793776
11000000,2794056
400000,2797199
16000000,2814566
5000000,2821010
3200000,2828590
1200000,2832029
20700000,2840417
11000000,2844379
1200000,2859955
10800000,2862544
25000,2883661
1700000,2891228
13000000,2898225
32000000,2899970
800000,2900578
4000000,2922988
26000000,2923959
430000,2938000
1250000,2940411
36000000,2954405
3700000,2956000
3000000,2962051
12000000,2975188
25000000,2976636
10000000,3000000
500000,3000000
100000,3000000
6500000,3027956
1200000,3048209
1800000,3050934
13000000,3058380
4750000,3061763
3000000,3076820
120000,3090593
4600000,3099369
87000,3100000
2900000,3127472
7900000,3129471
9000000,3134509
2600000,3147950
10000000,3168858
500000,3177636
8500000,3180252
609000,3202000
11000000,3231251
3000000,3237452
30000000,3252550
10000000,3260179
13000000,3260555
150000,3270128
8000000,3270974
6000000,3273588
10000000,3275585
5600000,3281898
2600000,3292333
3500000,3293258
1000000,3324070
8900000,3324184
6000000,3330012
10000000,3336053
7500000,3347647
3700000,3355048
10000000,3357324
15000000,3396508
50000000,3434330
15000000,3436763
9000000,3438735
2000000,3438804
9000000,3440939
16000000,3442853
15000000,3454036
6000000,3456602
1000000,3465703
4000000,3468572
4600000,3479302
44000000,3484523
6000000,3485383
4500000,3500000
2361000,3500000
200000,3500000
8000000,3505823
12500000,3522153
10000000,3541565
1000000,3553253
7500000,3559803
10000000,3565109
300000,3571253
1000000,3575308
8000000,3582797
32000000,3588602
25000000,3605420
13000000,3617277
2000000,3620902
10000000,3623609
3000000,3660880
1200000,3700000
3000000,3705923
5000000,3707583
30000000,3721988
20000000,3727746
250000,3731489
6000000,3747270
840000,3787689
5000000,3807503
250000,3809226
4000000,3816594
500000,3824868
2500000,3838486
4000000,3858964
26700000,3871448
27000,3894240
5900000,3895664
3000000,3902679
9000000,3922043
12500000,3931367
3000000,4000000
2000000,4000000
1644000,4000000
350000,4000000
3000000,4002884
36000000,4020990
15000000,4023741
25000000,4049527
25000000,4064333
22000000,4065020
18000000,4100000
3000000,4109095
3400000,4124277
14000000,4127619
1500000,4128828
3000000,4142507
7500000,4151836
9200000,4199334
6400000,4199874
18500000,4221341
4000000,4230426
11000000,4234355
7500000,4239767
450000,4243996
8500000,4273372
14000000,4288246
2000000,4294373
600000,4300000
4000000,4301000
9000000,4313644
6000000,4316497
9000000,4333569
24000000,4356126
32000000,4357406
379000,4358000
12500000,4360548
7000000,4372561
20000000,4383538
6000000,4398989
42000000,4408420
46000000,4408636
5000000,4414753
3000000,4417983
1600000,4420000
750000,4422318
20000000,4453327
4000000,4454853
27000000,4485485
4800000,4494560
35000000,4496583
20000000,4504111
80000000,4547660
4500000,4556982
28700000,4559569
5000000,4568257
3000000,4570178
1900000,4581937
1900000,4600000
12000000,4606284
250000,4613482
4000000,4630045
35000000,4651977
10000000,4659110
3000000,4668109
23000000,4673377
68000,4678513
10000000,4690802
1250000,4700000
10000000,4708127
6000000,4713059
8000000,4714090
7000000,4720371
1700000,4727375
5400000,4728896
1000000,4731944
14000000,4741987
19000000,4750000
20000000,4754517
9000000,4777465
11000000,4814244
5000000,4815890
5000000,4816142
4000000,4854356
700000,4857731
5500000,4865000
12000000,4880941
700000,4911725
12000000,4922166
9000000,4934104
2500000,4934356
15000000,4956401
30000000,4967493
4750000,4972016
12000000,4984663
22000000,5000000
3716946,5000000
2900000,5000000
210000,5000000
13000000,5002310
7000000,5017971
400000,5028948
800000,5034794
10000000,5045359
21000000,5046038
1500000,5046118
3000000,5100863
7500000,5142858
10000000,5149131
13000000,5175088
27000000,5204007
15000000,5217498
100000,5228617
10000000,5241315
9600000,5256839
550000,5269990
1300000,5273000
29200000,5278519
9500000,5278632
12000000,5295909
25000000,5297411
20000000,5313608
8000000,5314194
5000000,5321508
20000000,5345869
1070000,5348767
2627000,5363000
2700000,5377665
1000000,5391992
2750000,5394447
1600000,5400000
12000000,5400624
75000000,5409517
3300000,5422740
4500000,5428387
7000000,5430822
10000000,5437126
5000000,5438120
1000000,5438911
38000000,5473041
5000000,5476060
5000000,5476793
5000000,5502773
25000000,5516708
750000,5520368
8000000,5531455
20000000,5531756
12000000,5549923
30000000,5564014
1900000,5617067
19200000,5617460
500000,5639730
17000000,5653176
25000000,5654777
8000000,5656388
18000000,5675599
2500000,5683371
28000000,5686694
2400000,5691854
20000000,5694213
7000000,5694308
3500000,5706638
19000000,5714913
1800000,5719000
3000000,5732587
3000000,5746453
25000000,5778353
14000000,5782198
1000000,5797192
9200000,5806666
18000000,5823540
16000000,5825314
18000000,5828466
4200000,5835247
13000000,5871603
1000000,5892466
20000000,5918742
3000000,5922292
3500000,5923044
10000000,5950002
15000000,5953886
4000000,5966671
18000000,6000000
10000000,6000000
4000000,6000000
1288000,6000000
1600000,6026908
10000000,6030047
1000000,6030129
22000000,6047691
2000000,6049171
20000000,6071433
20000000,6093725
1200000,6100000
13500000,6118683
100000,6121582
5500000,6148823
26000000,6154172
5000000,6157157
6500000,6173485
6000000,6176114
10000000,6197866
12000000,6200000
20000000,6201757
5000000,6205034
2000000,6225304
3000000,6239723
10000000,6244618
16000000,6248077
13000000,6276869
50000000,6291602
80000000,6300451
40000000,6341825
15000000,6379575
2500000,6401336
39000000,6429865
2850000,6435262
35000000,6448817
3500000,6451628
13000000,6459183
30000000,6460758
10000000,6491969
38000000,6504442
55000000,6521829
7000000,6537179
15000000,6551310
14000000,6552255
12000000,6553186
15000000,6561243
11000000,6586324
5000000,6590172
6000000,6591365
2686000,6600000
16000000,6615452
200000,6618578
50000000,6626115
8000000,6632950
5000000,6656705
140000,6706368
10000000,6719864
18000000,6734844
5000000,6755271
5800000,6800000
1800000,6800000
6750000,6812530
21000000,6830957
8400000,6831069
15000000,6832542
18000000,6841142
6000000,6852450
3000000,6879730
20000000,6882696
17900000,6905861
30000000,6916869
2500000,6916951
4900000,6924321
20000000,6947084
3250000,6965361
12000000,6982680
40000000,7000000
15300000,7000000
12500000,7000000
1500000,7000000
1200000,7000000
1200000,7000000
5600000,7009668
4500000,7011317
100000,7012524
7000000,7017859
23000000,7018525
20000000,7022183
2600000,7033931
10000000,7037886
100000000,7094995
5000000,7100000
54000000,7126002
18000000,7129670
175000,7137502
25000000,7164995
4900000,7174984
18000000,7190505
2540000,7200000
12000000,7203439
13300000,7229933
3000000,7282851
17500000,7285135
3000000,7301115
16800000,7313697
8000000,7315248
2000000,7369373
4500000,7389233
20000000,7405084
3000000,7445044
10000000,7501132
4500000,7503672
4000000,7555256
8500000,7573551
19000000,7576604
15000000,7583050
16000000,7585011
2000000,7600000
41000000,7684524
750000,7712436
9000000,7714549
40000000,7729552
30000000,7755686
2000000,7756617
3000000,7777790
1900000,7785229
2000000,7799257
2000000,7800000
1000000,7800000
300000,7808524
6000000,7818479
7000000,7824358
4500000,7838405
10000000,7843145
10000000,7862131
13000000,7881335
15000000,7885048
3000000,7888000
12000000,7900000
6900000,7950889
5000000,7951247
40000000,7974607
20000000,8000000
5000000,8000000
3768785,8000000
3500000,8000000
3200000,8000000
1800000,8000000
730000,8000000
200000,8000000
134000,8000000
4700000,8025872
20000000,8047525
13000000,8064972
4200000,8078683
16000000,8120148
19000000,8123860
13000000,8130727
5400000,8133256
20000000,8135024
28000000,8165213
6000000,8173486
20000000,8178569
4000000,8200000
2700000,8200000
15000000,8200127
25000000,8208594
20000000,8221700
15000000,8224998
10000000,8243567
950000,8267066
8000000,8279017
20000000,8284331
24000000,8292914
20000000,8300821
4000000,8302995
15000000,8322608
20000000,8361736
8000000,8370555
7000000,8373585
50000000,8374062
15000000,8378141
10000000,8378853
16000000,8400000
33000000,8408835
24000000,8427204
28000000,8434601
6000000,8446952
10000000,8457974
45000000,8488871
42000000,8514325
7500000,8539003
5500000,8589831
28000000,8592432
30000000,8593154
17000000,8607815
17000000,8609949
10000000,8629895
5000000,8655397
2000000,8685632
20000000,8692898
12000000,8706701
27000000,8712564
15000000,8735529
2380000,8739576
5500000,8761608
15000000,8767338
1800000,8800000
10000000,8801940
7000000,8824553
30000000,8845575
8000000,8864699
10000000,8890094
28000000,8891623
6400000,8902141
15000000,8921050
12000000,8942516
250000,8969065
3900000,9000000
1500000,9000000
1000000,9000000
1000000,9000000
3000000,9012000
3000000,9017070
18000000,9082906
900000,9097072
80000000,9103630
5000000,9109597
2160000,9132000
1800000,9164370
11000000,9170214
2000000,9172000
6200000,9205924
20000000,9208876
2000000,9250000
4600000,9261711
8000000,9266180
25000000,9286314
1100000,9297407
15000000,9300336
15000000,9307166
25000000,9313302
4500000,9330465
1500000,9345061
27000000,9352089
20000000,9355369
12500000,9376444
500000,9387581
10000000,9408183
4000000,9413956
17000000,9438074
7400000,9443864
25000000,9445081
22000000,9448623
500000,9470209
2000000,9505996
55000000,9521458
6800000,9533964
20000000,9537120
3180000,9576159
15000000,9579068
910000,9600000
2000000,9615464
5800000,9662214
5000000,9669521
45000000,9676497
1700000,9700000
5100000,9709597
17000000,9729088
4300000,9791282
50000000,9812870
37500000,9813309
22000000,9818792
4000000,9821335
15000000,9930649
4400000,9969237
3000000,9981635
17000000,10000000
3000000,10000000
2500000,10000000
350000,10000000
672000,10000650
65000000,10014234
10000000,10019109
13000000,10020081
90000000,10020889
12000000,10026255
1000000,10037390
25000000,10039566
3000000,10051516
7000000,10062896
29000000,10066366
40000000,10070651
4000000,10097096
6000000,10106975
21000000,10108016
1900000,10137234
10100000,10143618
6500000,10155691
35000000,10157534
4300000,10158355
2000000,10166209
3000000,10172519
9000000,10176701
8000000,10192613
5000000,10206551
4300000,10212403
38000000,10229300
7000000,10237239
100000,10243159
3500000,10317779
35000000,10319915
27000000,10341093
50000000,10359006
105000000,10364769
8500000,10386814
34000000,10392666
20000000,10393696
14000000,10397365
4500000,10400000
3000000,10400000
19000000,10412485
30000000,10419084
50000,10426506
11000000,10431506
24200000,10447579
1039000,10462500
20000000,10468867
3000000,10473836
15000000,10513979
5000000,10537341
20000000,10555348
6000000,10557291
50000000,10561038
20000000,10570375
10000000,10571408
60000000,10597070
27000000,10618813
6000000,10619770
8000000,10629320
17000000,10637281
9000000,10642023
23000000,10660147
2000000,10672492
34000000,10672566
5000000,10676073
20000000,10686841
22000000,10696210
40000000,10717421
12500000,10725228
25000000,10731997
5000000,10732909
5000000,10744134
5000000,10751126
8000000,10763183
15000000,10763469
7000000,10765283
4000000,10770993
7000000,10803211
1200000,10827356
7000000,10828305
7500000,10834406
15000000,10845127
7500000,10849158
4000000,10898293
4000000,10941801
15000000,10951153
5000000,11000000
4638783,11000000
2300000,11000000
1250000,11000000
110000,11000000
5000000,11014685
47000000,11022696
3000000,11052713
25000000,11100000
25000000,11115766
4000000,11131455
13000000,11141213
15000000,11156471
14000000,11166615
15000000,11173718
1500000,11191423
45000000,11203026
17000000,11227824
25000000,11229035
2000000,11234552
25000000,11253821
2000000,11263263
34000000,11263966
3000000,11267511
12500000,11277119
3000000,11322573
6000000,11348205
14000000,11354230
10000000,11400000
60000000,11427090
1000000,11495204
55000000,11532774
3000000,11537539
16000000,11540112
2000000,11546543
35000000,11559747
30000000,11578022
15000000,11599903
25000000,11603545
15000000,11614954
5200000,11633427
17000000,11634458
6000000,11642254
13500000,11732088
13700000,11738256
4000000,11744471
20000000,11744960
6500000,11745931
42000000,11756922
7500000,11758418
10000000,11766959
700000,11768371
23000000,11778396
6000000,11784569
4000000,11799060
1500000,11806119
16000000,11810854
20000000,11813410
18000000,11813989
12500000,11826980
13000000,11831131
7500000,11843260
15000000,11919578
10000000,11924041
900000,11993156
21600000,12000000
3500000,12000000
30000000,12017369
7300000,12023606
28000000,12031443
3000000,12051924
60000000,12069719
12000000,12079308
10000000,12179708
15000000,12212417
25000000,12219367
1700000,12231500
5000000,12232628
4500000,12247682
35000000,12254746
15000000,12262065
2500000,12267275
23000000,12291975
2500000,12300000
12500000,12309980
50000000,12335036
44000000,12342632
40000000,12345883
24000000,12372410
6500000,12376563
20000000,12397613
20000000,12398628
3300000,12405473
1500000,12412889
25000000,12413949
15000000,12419700
14000000,12452601
6000000,12500000
35000000,12506188
9000000,12512317
12000000,12516222
16000000,12519804
36000000,12532777
10000000,12554569
3000000,12577401
14000000,12591270
5000000,12592907
3500000,12600000
40000000,12624471
9000000,12657377
15000000,12669914
7200000,12678312
8000000,12740705
6000000,12793213
3500000,12800000
15000000,12801190
23000000,12803305
35000000,12819501
25000000,12850033
47000000,12900000
16000000,12900000
12000000,12905901
55000000,12923936
15250000,12930343
1000000,12931569
5000000,12947763
5000000,12961389
20000000,12967829
24000000,13000000
4000000,13000000
3000000,13000000
11000000,13000959
3500000,13007551
23000000,13019253
14000000,13024170
25000000,13038660
36000000,13052741
9000000,13061935
9000000,13075390
5000000,13099931
2000000,13129846
6000000,13168809
27000000,13174426
3000000,13200000
18000000,13203044
14000000,13205411
40000000,13208023
60000000,13233220
15000000,13248444
11000000,13353855
20000000,13383747
18000000,13400000
4500000,13417292
10000000,13423176
25000000,13424365
17000000,13446115
3700000,13447998
15000000,13454474
5500000,13480196
40000000,13508635
22000000,13555988
11000000,13558739
23000000,13593473
70000000,13596911
35000000,13601109
16500000,13636339
40000000,13644292
19000000,13680000
10000000,13684949
18500000,13711903
11000000,13719474
20000000,13725032
26000000,13738574
18000000,13747234
7000000,13767816
15600000,13771817
3500000,13795053
14000000,13800000
20000000,13801755
10000000,13835130
16000000,13854000
2500000,13881317
2000000,13912289
25000000,13973532
3500000,14000000
12000000,14010363
16000000,14108518
9500000,14114000
14000000,14121177
10500000,14140402
10000000,14156753
18000000,14189810
7000000,14231669
4000000,14237880
15000000,14249005
22000000,14252830
1600000,14253760
50000000,14271297
34000000,14291999
70000000,14294842
2300000,14305540
3200000,14314407
6537890,14319195
10000000,14321070
25000000,14334401
5000000,14343976
40000000,14358033
40000000,14375181
36000000,14378353
14000000,14395874
4000000,14400000
2500000,14400000
3200000,14441158
40000000,14448589
26000000,14469428
35000000,14471440
18000000,14488705
17700000,14518884
1500000,14533681
6000000,14545844
16000000,14553807
1000000,14564000
20000000,14566246
20000000,14603001
7000000,14618727
75000000,14623082
5600000,14683763
11000000,14786394
16000000,14792779
25000000,14805812
20000000,14807531
15000000,14811980
60000000,14816379
60000000,14816494
16000000,14839383
5000000,14843425
20000000,14883495
15000000,14933713
40000000,14938149
40000000,14942422
15000000,14947243
47000000,14970038
13000000,14999638
36500000,15000000
5000000,15000000
4000000,15000000
3000000,15000000
8500000,15024232
10000000,15037867
20000000,15055091
14000000,15064948
19400000,15118795
5000000,15126948
10000000,15132211
15000000,15136870
6000000,15137932
5500000,15155021
250000,15155095
10000000,15164492
14000000,15171475
10000000,15198912
150000,15200000
7000000,15206330
10000000,15297318
2600000,15298355
30000000,15313631
5000000,15318257
30000000,15358583
2000000,15396525
22000000,15434375
28500000,15452978
35000000,15461638
20000000,15466961
25000000,15468266
7000000,15471229
35000000,15471969
20000000,15473333
50000000,15505922
14000000,15549702
2700000,15600000
8000000,15644196
12000000,15668012
17000000,15680099
18000000,15696146
5500000,15700000
22000000,15716828
23000000,15728335
27500000,15815509
31000000,15826984
5500000,15867314
25000000,15907411
19000000,15911332
3000000,15935068
1000000,15943081
16000000,15980376
18000000,16011975
5000000,16017403
6800000,16038343
10000000,16084310
25000000,16118077
55000000,16123323
2000000,16131551
17000000,16140842
7000000,16149180
46500000,16149791
10000000,16153000
16500000,16157923
40000000,16172200
40000000,16173593
1000000,16173879
12500000,16193713
9000000,16235738
30000000,16295774
24000000,16304786
28000000,16311335
17000000,16316273
12000000,16349034
6000000,16369708
18000000,16382538
25000000,16425701
19700000,16498827
17000000,16510971
5000000,16515203
26000000,16521410
1000000,16553163
27000000,16566235
1000000,16566240
50000000,16581575
8000000,16585503
2000000,16610760
20000000,16612072
5000000,16628751
32000000,16640210
10000000,16667084
20000000,16723377
25000000,16727470
13000000,16757163
15000000,16829464
35000000,16830252
7000000,16866928
20000000,16907831
30000000,16910708
14000000,16951798
18000000,16959614
24000000,16980098
20000000,16988996
500000,17000000
7000000,17005466
2900000,17006158
7000000,17023121
40000000,17033431
10000000,17033556
9200000,17155193
8500000,17202854
22000000,17216955
65000000,17218916
8500000,17220091
45000000,17220599
15000000,17224539
5000000,17250101
6000000,17252287
12000000,17292381
10000000,17300838
20000000,17306648
12000000,17322212
5000000,17329337
18000000,17360801
38000000,17378193
8000000,17394881
2000000,17403168
20000000,17430594
10000000,17433072
9000000,17462398
12000000,17475475
3000000,17489009
45000000,17492014
5000000,17499242
10000000,17536256
900000,17549645
9800000,17553055
4900000,17561100
3000000,17570324
21000000,17589867
10000000,17657973
20000000,17684355
10000000,17704131
21000000,17760244
5000000,17768757
9000000,17804273
20000000,17807569
38000000,17830244
13000000,17856688
30000000,17865209
35000000,17967746
1000000,17985000
2000000,18016290
8000000,18090181
6500000,18110152
67000000,18115927
45000000,18120267
7000000,18190831
32000000,18195238
6000000,18209872
9000000,18225165
20000000,18250106
15000000,18260865
20000000,18273009
15000000,18301418
3450000,18309793
20000000,18310591
47500000,18329653
2000000,18344729
35000000,18376443
20000000,18400000
10000000,18423914
3500000,18495444
26000000,18496522
6000000,18504539
92000000,18517322
15000000,18524496
5600000,18527766
30000000,18535575
32000000,18552460
55000000,18582965
20000000,18608570
7000000,18642318
23000000,18653615
1125000,18673274
62000000,18708848
10100000,18726300
13000000,18733666
30000000,18765585
9000000,18802255
20000000,18826490
8000000,18828036
15000000,18856151
9100000,18872126
8000000,18959424
25000000,18991288
12000000,19000000
15000000,19014238
30000000,19035741
12600000,19054534
10000000,19080435
20000000,19121531
23000000,19123851
15000000,19153568
2800000,19170001
4000000,19174817
3000000,19184820
25000000,19233280
35000000,19282590
12000000,19287485
22000000,19288130
38000000,19317765
15000000,19344615
12000000,19379463
40000000,19417182
5000000,19421271
5000000,19438638
20000000,19450780
3000000,19472057
10000000,19535005
70000000,19548419
22000000,19563579
9300000,19571091
30000000,19599974
5000000,19600000
14000000,19637147
18000000,19685588
17000000,19693891
18000000,19739000
40000000,19756077
10000000,19860259
70000000,19870567
8000000,19891331
30000000,19892205
13000000,19910624
13000000,19929123
11000000,19947280
600000,20000000
8000000,20005613
4000000,20008693
22000000,20034713
9000000,20035310
8000000,20036244
25000000,20052958
20000000,20081987
70000000,20107933
12000000,20122558
3000000,20123742
45000000,20133326
29000000,20146150
17500000,20159316
11000000,20169934
5250000,20188740
6250000,20199663
7000000,20257000
20000000,20268825
40000000,20278055
8500000,20288774
10000000,20384136
11000000,20388920
6000000,20400000
1500000,20412216
6500000,20412841
49000000,20423389
3400000,20433227
17000000,20465206
90000000,20466016
14000000,20537741
60000000,20541668
14000000,20597806
15000000,20601987
3250000,20605209
35000000,20606053
15000000,20609977
2000000,20649774
5000000,20659423
6000000,20695413
25000000,20718223
40000000,20722450
2000000,20741000
5000000,20765353
10000000,20766000
16000000,20769209
40000000,20790486
20000000,20819601
60000000,20830546
80000000,20841123
42000000,20844907
2000000,20883834
15000000,20898221
9100000,20927794
7000000,20940428
12500000,20959585
3000000,20966644
12500000,21000000
12000000,21089146
10000000,21094974
12000000,21133087
3000000,21163999
17000000,21170563
11000000,21171695
6000000,21197454
4000000,21206861
40000000,21215882
1987650,21270290
5000000,21277770
27000000,21300000
18000000,21361109
1000000,21378361
16500000,21404122
14000000,21410546
20000000,21413105
27000000,21500000
11000000,21502976
45000000,21544732
9000000,21571189
30000000,21577076
10000000,21596074
33000000,21621188
16000000,21657770
1250000,21722776
4000000,21750000
30000000,21758371
65000000,21778555
6000000,21787233
16000000,21799652
9400000,21817298
30000000,21827296
10000000,21851362
12000000,21867665
15000000,21896367
2200000,21930418
8000000,21970000
25000000,21970831
23000000,21973182
245000,22000000
15000000,22018988
25000000,22032635
50000000,22099706
41000000,22108977
20000000,22119269
20000000,22139590
15000000,22165608
6000000,22168359
5000000,22178125
10000000,22198996
1500000,22217183
65000,22233808
21500000,22331846
40000000,22365133
13000000,22391450
25000000,22411948
40000000,22433915
60000000,22468620
8000000,22549338
8000000,22591451
16000000,22594052
55000000,22597969
12000000,22673340
44000000,22730924
8900000,22744132
12000000,22750356
14000000,22754472
14000000,22815460
53000000,22852487
28000000,22860477
22000000,22861785
1750000,22879194
8500000,22885836
25000000,22910563
35000000,22913677
12000000,22921898
5250000,22937201
50000000,22969202
12000000,22978953
52000000,23010607
2500000,23014021
13000000,23014027
1200000,23046142
5000000,23047939
30000000,23095325
22000000,23134075
50000000,23152062
20000000,23187506
25000000,23190697
1800000,23265132
2100000,23266821
1700000,23271741
3000000,23283672
8500000,23311425
150000,23344056
4900000,23347469
30000000,23353111
36000000,23360779
12500000,23367586
18000000,23380203
7000000,23393939
4500000,23471871
25000000,23506237
5000000,23565072
10000000,23591043
2800000,23591783
2100000,23600000
20000000,23661038
30000000,23676771
3800000,23689877
12000000,23693646
17000000,23734486
658000,23800000
18000000,23889158
250000,23894000
18000000,23910210
92000000,23911362
30000000,23998226
7800000,24021282
11900000,24041617
6500000,24103594
11000000,24150550
32500000,24159934
40000000,24172899
25000000,24215385
25000000,24355762
2000000,24391108
35000000,24405825
21500000,24419219
800000,24426169
2000000,24464742
8000000,24474312
24000000,24474463
23000000,24489150
38000000,24515990
25000000,24591031
3000000,24600000
2000000,24600832
10000000,24660323
35000000,24687524
29000000,24716190
17000000,24719879
12000000,24761360
8300000,24906717
18000000,24911670
35000000,24915969
37000000,24935799
7000000,25000000
2883848,25000000
200000,25000000
14000000,25011000
5000000,25032000
22000000,25044057
63000000,25052000
6000000,25059640
9000000,25077411
35000000,25078937
35000000,25114901
11000000,25116103
14000000,25187026
30000000,25199891
6000000,25244700
40000000,25268680
7000000,25269040
11000000,25307405
4500000,25344490
67000000,25357771
10000000,25358996
20000000,25361206
7300000,25397460
50000000,25426861
4000000,25448707
14500000,25480031
1800000,25504513
12000000,25514848
7000000,25532388
2500000,25533818
14000000,25608779
8000000,25621449
8300000,25670174
10000000,25697647
18000000,25727044
25000000,25732334
20000000,25732986
22000000,25842377
70000000,25852508
5000000,25861249
7400000,25863405
40000000,25863458
22000000,25873142
14000000,25873145
1800000,25878153
29000000,25899797
5000000,25913869
48000000,25928721
18000000,25941437
20000000,25943792
6000000,26004026
5000000,26010864
18900000,26063572
50000000,26097497
50000000,26121638
20000000,26146072
15000000,26170402
30000000,26184400
8000000,26199377
50000000,26199517
30000000,26214846
30000000,26323969
25000000,26341896
20000000,26348203
50000000,26387039
18000000,26400000
5000000,26517819
7000000,26533200
13000000,26570048
140000,26572439
18000000,26593580
35000000,26613620
65000000,26670920
60000000,26673242
80000000,26703184
30000000,26708196
10000000,26716191
12500000,26735797
40000000,26736665
20000000,26792700
5000000,26853810
30000000,26857459
17000000,26918576
18000000,26936265
27500000,26939925
40000000,27000381
1200000,27025600
40000000,27053815
13000000,27066941
4500000,27092880
50000000,27100030
35000000,27107960
18000000,27147349
30000000,27147991
18000000,27148898
13000000,27151490
27500000,27187653
22000000,27238354
27000000,27257061
12000000,27281507
10000000,27317872
5000000,27342246
50000000,27366288
18000000,27392196
32000000,27392609
45000000,27447471
14000000,27450453
15000000,27469621
18000000,27491653
38000000,27501814
25000000,27572844
33000000,27610873
40000000,27682712
20000000,27688744
3500000,27704111
15000000,27709625
3500000,27731527
24000000,27732366
4000000,27786849
3000000,27788649
18000000,27794339
20000000,27836366
22000000,27882226
20000000,27911453
3500000,27936778
6000000,27958191
13000000,27979399
25000000,28012862
20000000,28058652
7000000,28142379
5000000,28200000
28000000,28208085
55000000,28231444
20000000,28270399
25000000,28307092
8000000,28315272
1000000,28316211
3900000,28350000
1350000,28356188
6500000,28383441
35000000,28391473
25000000,28400715
29000000,28452945
40000000,28544120
25100000,28575778
10000000,28649556
8000000,28674417
26000000,28703083
35000000,28721408
16000000,28734552
20000000,28762690
9000000,28773637
27000000,28773827
24000000,28871190
8000000,28876702
35000000,28906817
12000000,28915761
50000000,28920188
13000000,28972187
1100000,29005064
13500000,29027914
16000000,29090445
15000000,29145924
5300000,29197694
8500000,29200000
30000000,29203383
25000000,29206732
20000000,29227561
25000000,29276904
10000000,29317886
30000000,29356757
45000000,29367143
19500000,29393634
375000,29400000
45000000,29406132
10000000,29500000
38000000,29544532
25000000,29548291
12000000,29549145
7500000,29652736
80000000,29725663
47000000,29781453
24000000,29823162
11400000,29830239
20000000,29843245
25000000,29863840
20000000,29870801
35000000,29882645
35000000,29890402
18000000,29934477
8000000,29937909
32000000,29948322
114000,30000000
8250000,30022000
10000000,30050028
22000000,30051905
60000000,30063805
58000000,30118557
15000000,30138912
10000000,30143795
20000000,30163785
40000000,30199105
20500000,30241435
15000000,30261293
8500000,30298347
35000000,30307804
17000000,30331165
5000000,30332385
1500000,30351664
7000000,30360570
60000000,30396134
20000000,30399714
3000000,30438635
14000000,30443277
20000000,30491379
1650000,30500000
40000000,30576502
25530000,30593313
26000000,30601801
75000000,30626690
14000000,30628981
10000000,30629507
20000000,30703845
22500000,30719170
20000000,30808558
15000000,30857000
22500000,30864649
31000000,30885781
20000000,30894247
30000000,30962112
16000000,30987695
22000000,31013349
3400000,31063038
15000000,31070412
45000000,31077418
5000000,31149251
27500000,31157914
10000000,31164747
12000000,31222395
12000000,31286759
28000000,31320293
50000000,31333917
10700000,31341183
28000000,31390587
35000000,31393201
2700000,31517561
10000000,31556959
500000,31559560
25000000,31635150
40000000,31670620
11000000,31672000
20000000,31678778
45000000,31681811
6000000,31716953
27000000,31770413
40000000,31835600
35000000,31878891
6500000,31899000
16000000,31943401
34000000,32014993
40000000,32030610
20000000,32051917
3300000,32059295
25000000,32092761
10000000,32100816
25000000,32209741
8500000,32222567
25000000,32223424
12000000,32248241
2500000,32327255
13000000,32382381
10000000,32430721
18500000,32531759
10750000,32575443
19000000,32618920
20000000,32632668
3000000,32653000
24000000,32662299
18500000,32679264
12000000,32700439
35000000,32738814
20000000,32838945
11000000,32943247
45000000,32952995
30000000,32955399
8600000,32968648
2600000,32980880
60000000,32983332
10000000,33000000
28000000,33000377
29000000,33013805
13500000,33035736
13000000,33069303
70000000,33076815
15000000,33118854
28000000,33139618
40000000,33175076
26000000,33200000
24000000,33208099
3000000,33300000
30000000,33339868
2500000,33349941
5800000,33395426
3200000,33395426
35000000,33422485
35000000,33422806
12500000,33436931
65000000,33447612
68000000,33462011
80000000,33463969
500000,33473297
3300000,33474334
35000000,33500620
15000000,33508485
10000000,33512260
10000000,33526835
7500000,33606409
5000000,33649881
26000000,33713827
2777000,33754967
22000000,33762400
35000000,33771965
10000000,33886017
18000000,33907844
4200000,33913542
20000000,33943049
18500000,33954018
60000000,33956608
3500000,34004262
75000000,34009180
14000000,34044909
55000000,34105207
3250000,34114067
13000000,34166572
4833610,34175000
10000000,34240572
26000000,34246770
15000000,34247816
50000000,34301950
19000000,34352162
10000000,34364995
10600000,34409206
40000000,34416893
6000000,34449356
20000000,34454631
35000000,34480045
15000000,34499204
600000,34505110
15000000,34533783
2500000,34557416
15000000,34562222
9000000,34572780
20000000,34600000
50000000,34645374
45000000,34668249
14000000,34700000
20000000,34718173
14000000,34729091
20000000,34787111
50000000,34806726
15000000,34820335
5000000,34872033
8000000,34873513
13000000,34916128
15000000,35007180
10000000,35073978
15000000,35106706
7250000,35122948
76000000,35129610
2000000,35185884
40000000,35195939
60000000,35319689
5000000,35341814
22000000,35409686
70000000,35417162
35000000,35426759
20000000,35450113
20000000,35472739
30000000,35579007
14000000,35579177
45000000,35627222
85000000,35681080
24000000,35792945
7000000,35795319
12000000,35830713
20000000,35841901
14000000,35856053
30000000,35869934
30000000,35891257
25000000,35990505
10000000,36000000
5000000,36000000
4000000,36000000
2500000,36028802
30000000,36040895
9000000,36049108
25000000,36054706
15000000,36068890
18000000,36133014
4400000,36145695
7000000,36146087
42000000,36197221
10000000,36230219
7500000,36238752
13000000,36262783
20000000,36265745
4000000,36275469
32000000,36299670
23000000,36374700
45000000,36404841
17500000,36521223
9000000,36535837
5500000,36665191
25000000,36682170
2250000,36690067
20000000,36720752
30000000,36722311
1200000,36741667
75000000,36751979
4600000,36751984
9700000,36787044
25000000,36833473
60000000,36850101
24000000,36856306
21000000,36882378
18000000,37048526
35000000,37066129
20000000,37226218
72000000,37306334
6200000,37339594
12000000,37400000
10000000,37402877
15000000,37466538
50000000,37472651
10000000,37493221
20000000,37537675
12000000,37584304
1000000,37600000
15000000,37659652
20000000,37672944
40000000,37750754
2700000,37799643
5900000,37831658
47000000,37923818
39000000,37956589
21000000,38017873
17000000,38028230
10000000,38067218
40000000,38087756
25000000,38112154
22700000,38119483
30000000,38122000
7000000,38158601
28000000,38159905
20000000,38164784
40000000,38172500
3000000,38236338
4000000,38251425
65000000,38253433
35200000,38283765
57000000,38329114
25000000,38351350
10000000,38364855
60000000,38389024
30000000,38462071
15000000,38512850
55000000,38564422
15000000,38574362
20000000,38585047
50000000,38590458
23000000,38684906
25000000,38718031
30000000,38747385
25000000,38749404
31500000,38771262
26000000,38788828
40000000,38899792
28000000,38959900
13000000,38976797
70000000,38992292
60000000,39006188
12000000,39012241
65000000,39017984
15000000,39100956
25000000,39126427
28000000,39134983
25000000,39217912
17000000,39233233
60000000,39235486
15000000,39238443
6000000,39241323
75000000,39251128
21000000,39319801
35000000,39340177
28000000,39360491
4300000,39374600
16500000,39380876
25000000,39393111
32000000,39498360
65000000,39499349
150000000,39549758
13300000,39686345
20000000,39686769
5000000,39723096
40000000,39753957
50000000,39778599
6000000,39846344
11000000,39984023
7500000,40016662
24000000,40020622
10000000,40055439
4000000,40103262
50000000,40119848
62000000,40123346
15000000,40127259
80000000,40147042
7000000,40157856
15000000,40283321
25000000,40287017
5000000,40311842
39000000,40319440
16000000,40363530
40000000,40435694
3500000,40454520
10000000,40485039
30000000,40520649
3500000,40527719
25000000,40686409
25000000,40796145
15000000,40862054
28000000,40966716
10000000,41004412
20000000,41015970
50000000,41042583
26000000,41059418
25000000,41076865
18000000,41148679
2200000,41158757
42000000,41267469
5500000,41268579
40000000,41294674
20000000,41296320
18000000,41300105
8000000,41334735
20000000,41342180
58000000,41348628
18000000,41382841
6900000,41410568
30000000,41457834
45000000,41467606
50000000,41476097
33000000,41495213
25000000,41560117
65000000,41636243
50000000,41642166
35000000,41666476
5000000,41699612
12000000,41744718
100000,41753881
22000000,41771168
24000000,41798224
5000000,41824066
5000000,41833347
25000000,41921590
12000000,41924774
20000000,41975388
50000000,41982227
6000000,42000000
50000000,42002029
35000000,42064105
18000000,42067430
1700000,42137871
17000000,42141196
18000000,42167286
13000000,42174545
13000000,42195766
10000000,42226657
21000000,42273609
8470000,42355526
8000000,42376425
1000000,42411721
6500000,42488161
50000000,42598498
25000000,42642077
10000000,42776032
30000000,42799060
5000000,42844516
8000000,43000000
5700000,43044087
16000000,43057552
15000000,43111725
12000000,43281552
18000000,43308707
20000000,43326383
45000000,43343247
12000000,43353117
18000000,43402515
30000000,43440721
7500000,43492389
8500000,43528634
25000000,43530281
65000000,43545364
32000000,43603990
27500000,43607627
21000000,43632609
20000000,43658157
6000000,43700000
21000000,43728560
4000000,43766463
36000000,43797731
16500000,43848100
12000000,43924923
21000000,43928932
10000000,43948865
78000000,43957541
55000000,43980363
25000000,43988888
12500000,44083403
6900000,44103982
5000000,44115496
23000000,44195779
9000000,44196684
12000000,44200000
29000000,44267641
27000000,44270131
27000000,44342956
40000000,44383030
19000000,44391156
15000000,44400000
38000000,44411527
10000000,44451470
20000000,44513466
10000000,44567606
85000000,44650003
13000000,44726644
3600000,44785053
500000,44793168
5000000,44793222
20000000,44821299
25000000,44942821
40000000,44948240
25000,45000000
19000000,45005151
26000000,45043870
43000000,45095823
23000000,45121177
27000000,45160110
22000000,45273464
16000000,45284974
17000000,45312217
29000000,45336404
12500000,45557491
35000000,45680201
42000000,45688337
17000000,45707924
21000000,45785720
30000000,45892212
40000000,45916769
10000000,45921140
11000000,46060915
50000000,46112640
400000,46122713
20000000,46164361
40000000,46176322
15000000,46189568
30000000,46225326
5000000,46263525
35000000,46309644
12500000,46370970
15000000,46526243
45000000,46598133
20000000,46604054
6000000,46634275
40000000,46666955
12000000,46730578
28000000,46752858
25000000,46777347
20000000,46790428
51000000,46815807
15000000,47011449
40000000,47085064
18000000,47158652
15000000,47175038
55000000,47213095
33000000,47267829
7000000,47289758
20000000,47300771
56000000,47313824
60000000,47371191
52000000,47407635
8500000,47417251
20000000,47508505
20000000,47666013
16000000,47707417
15000000,47721314
18975000,47751015
8000000,47782426
40000000,47787943
60000000,47818913
20000000,47881663
30000000,47902566
4500000,47923795
30000000,48048527
85000000,48056764
65000000,48164150
50000000,48169156
35000000,48169910
70000000,48197252
30000000,48330757
32500000,48425971
37000000,48446802
44000000,48478084
25000000,48530887
23000000,48531242
35000000,48543388
30000000,48559999
45000000,48563556
2800000,48570885
60000000,48585416
20000000,48680977
20000000,48958353
21000000,48977233
43000000,49037621
50000000,49105766
6000000,49155371
12700000,49196532
60000000,49238525
13000000,49369899
60000000,49473093
10000000,49486874
45000000,49610898
120000000,49628177
40000000,49686263
70000000,49730854
13000000,49733545
11000000,49793054
4000000,49800000
20000000,49823037
40000000,49851591
19000000,49858465
15000000,49894223
7000000,49924079
50000000,49928680
33500000,50000000
15000000,50000000
15000000,50003303
50000000,50054511
50000000,50068310
40000000,50071069
10000000,50100000
16000000,50103808
30000000,50145607
36000000,50159144
73000000,50168294
53000000,50187789
48000000,50315140
8500000,50334418
35000000,50363790
58000000,50365498
75000000,50409753
13000000,50445860
5500000,50458356
16000000,50517763
27500000,50578411
80000000,50632037
60000000,50648806
25000000,50692188
54000000,50719373
25000000,50738810
10000000,50752337
26000000,50800000
8000000,50811858
23000000,50813834
8300000,50827466
20000000,50948811
38000000,50970660
30000000,51041856
30000000,51078541
7000000,51204567
30000000,51327406
20000000,51445503
30000000,51618420
22000000,51695362
25000000,51702929
19000000,51733921
40000000,51867723
18000000,51973029
21000000,52037603
15000000,52189039
12000000,52223306
8000000,52287414
10000000,52293000
6000000,52302978
30000000,52339566
25000000,52427346
15000000,52461017
15000000,52501541
25000000,52543354
16000000,52545707
180000000,52573132
35000000,52649951
1000000,52769915
4000000,52819253
30000000,52880016
11000000,52929168
50000000,52987754
30000000,53048539
8000000,53068955
52000000,53139168
23000000,53182088
20000000,53191101
31000000,53208180
35000000,53293628
25000000,53345287
13000000,53424681
35000000,53425292
80000000,53508858
30000000,53572822
16000000,53774833
50000000,53850527
40000000,53864342
55000000,53913573
20000000,53976987
16000000,53977250
29000000,54045832
30000000,54052249
10000000,54104225
53000000,54207112
6500000,54215416
70000000,54243125
16000000,54294169
13200000,54323210
75000000,54344321
26000000,54393637
20000000,54404202
33000000,54533774
80000000,54540662
70000000,54612337
72000000,54616869
35000000,54768418
13000000,54837234
45000000,54855235
60000000,54994757
1500000,55000000
17000000,55041738
25000000,55090374
3000000,55193251
40000000,55247881
40000000,55249159
25000000,55279608
28000000,55307857
50000000,55348693
25000000,55443032
50000000,55489826
27000000,55495466
500000,55518641
15000000,55534455
20000000,55576699
7000000,55617866
15000000,55669466
20000000,55686944
40000000,55696705
22000000,55762229
1500000,55800987
45000000,55842724
37000000,55909910
15000000,55934178
20000000,55975672
25000000,56042592
50000000,56077088
12000000,56131239
11000000,56178935
6500000,56200634
42000000,56331864
20000000,56398162
65000000,56409722
25000000,56434942
42000000,56438555
19000000,56445534
25000000,56505065
16000000,56506120
7000000,56586901
13700000,56598476
50000000,56643267
60000000,56709981
11000000,56758138
20000000,56822960
35000000,56968169
12000000,57000000
7000000,57051053
13000000,57189408
18000000,57193655
27000000,57229890
50000000,57261763
17000000,57263440
4000000,57273049
20000000,57293371
13000000,57300000
45000000,57362581
5500000,57467731
11500000,57469179
18000000,57490024
22000000,57520063
12000000,57577765
15000000,57586606
60000000,57604723
38000000,57753825
36000000,57824533
42000000,57850343
15000000,57907734
38600000,57987299
16500000,58011485
57500000,58085235
30000000,58228460
25000000,58240458
3000000,58240487
40000000,58250151
80000000,58270391
38000000,58394308
35000000,58405313
40000000,58501127
65000000,58545540
19000000,58571513
45000000,58617334
37500000,58792011
23000000,58807172
6000000,58809149
40000000,58855732
10000000,58939035
70000000,58953319
5000000,58978653
15000000,59168692
25000000,59183821
58000000,59431365
32000000,59450353
45000000,59551283
1000000,59567035
20000000,59667625
9500000,59675307
550000,59754601
40000000,59795070
100000000,59918422
2500000,59922558
39000000,59950623
12000000,60000000
9400000,60000000
55000000,60209334
18000000,60217171
18000000,60264805
68000000,60265197
70000000,60279822
50000000,60282876
35000000,60376247
13000000,60414025
42000000,60437727
80000000,60507228
30000000,60512680
27000000,60527873
5000000,60611845
77600000,60680125
25000000,60694737
30000000,60772856
28000000,60780981
20000000,60831067
40000000,60862471
17500000,60865364
70000000,61031932
35000000,61173364
26000000,61308153
15000000,61400000
30000000,61449135
45000000,61475984
32000000,61477797
30000000,61623819
20000000,61680792
125000000,61681268
125000000,61698899
35000000,61721826
15000000,61788393
38000000,61894591
30000000,61950770
33000000,62020814
43000000,62063972
11000000,62076141
57000000,62097495
28000000,62108587
72000000,62176754
50000000,62209892
40000000,62226214
15000000,62401343
30000000,62432423
13000000,62452927
12000000,62500000
4000000,62546695
1000000,62561449
8000000,62599495
18000000,62646763
65000000,62761005
34800000,62831715
50000000,62967368
24000000,62989834
43000000,63078756
12000000,63118386
28000000,63129909
64000000,63200000
35000000,63211088
10000000,63320521
10000000,63354114
90000000,63356133
55000000,63408614
10000000,63465522
26000000,63489752
55000000,63537164
53000000,63657941
15000000,63706632
1150000,63777092
42000000,63781100
34000000,63802928
15000000,63954968
30000000,64170447
22000000,64171419
35000000,64188387
15000000,64232714
5000000,64240813
15000000,64252038
30000000,64352607
28000000,64474705
50000000,64477051
25000000,64594061
16000000,64733391
35000000,65063726
35000000,65084116
19000000,65090541
30000000,65121280
15000000,65261291
40000000,65282732
35000000,65303052
30000000,65343694
30000000,65390493
70000000,65409046
20000000,65454793
45000000,65532491
12000000,65532576
45000000,65595141
95000000,65700000
26000000,65705772
90000000,65716126
40000000,65754228
18000000,65842412
36000000,65967750
25000000,66015869
20000000,66143005
54000000,66520529
80000000,66554547
60000000,66655938
30000000,66742138
20000000,66776908
42000000,66787173
45000000,66790248
85000000,66941559
20000000,66950887
50000000,66961644
37000000,67029956
55000000,67130045
15000000,67182787
20000000,67192859
15000000,67215435
30000000,67255916
60000000,67312826
24000000,67348218
26000000,67647574
18000000,67683989
50000000,67823573
13000000,67867998
20000000,67950723
31000000,68079671
35000000,68170792
10000000,68220952
60000000,68336997
20000000,68349884
3000000,68452128
19000000,68467960
10000000,68541786
16000000,68582095
26000000,68613992
8500000,68695443
10500000,68700000
35000000,68712365
10000000,68722848
8000000,68838736
30000000,69057415
80000000,69131860
70000000,69157016
28000000,69290699
50000000,69411370
50000000,69425966
39000000,69538833
100000000,69548641
65000000,69688384
22000000,69698495
20500000,69701637
11000000,69752402
55000000,69759296
40000000,69807260
12800000,69821476
12500000,69826708
76000000,69845011
15000000,69847348
15000000,69995385
325000,70000000
14000000,70001698
24000000,70027933
35000000,70064800
19000000,70164105
1800000,70165900
35000000,70187088
30000000,70200000
45000000,70216497
25000000,70326393
17000000,70355813
22000000,70536870
70000000,70546865
32000000,70587268
55000000,70692101
6500000,70712099
20000000,70743839
30000000,70768144
40000000,70836296
14600000,70906973
48000000,70937778
22000000,70949793
42000000,71000000
49000000,71004627
25000000,71009334
50000000,71052604
60000000,71073932
48000000,71171825
30000000,71172251
55000000,71189835
20000000,71232214
25000000,71390601
28000000,71430876
80000000,71485043
75000000,71523271
3100000,71558971
25000000,71594792
60000000,71719931
40000000,71743823
72500000,71880305
110000000,72004159
17000000,72070955
40000000,72295262
45000000,72359917
65000000,72516819
14000000,72571864
49000000,72689126
20000000,72703462
75000000,72785169
17000000,72835710
15000000,73000000
35000000,73026302
13000000,73180297
20000000,73206343
42000000,73239258
15000000,73326666
28000000,73421224
75000000,73521587
18000000,73695194
13000000,73798720
27000000,73826768
38000000,73956241
20000000,73964713
3000000,73975239
11000000,74056184
85000000,74132631
40000000,74156610
20000000,74180745
21500000,74326015
12000000,74433837
55000000,74545591
5600000,74566042
65000000,74575290
12000000,74727492
30000000,74787599
55000000,74870866
35000000,75281179
40000000,75389090
55000000,75466595
40000000,75505856
14000000,75525718
68000000,75685268
8500000,75740479
26000000,75763814
11000000,75803716
52000000,75835124
45000000,75854588
33000000,75909673
60000000,75965567
19000000,76086711
50000000,76119388
8000000,76200721
30000000,76235001
25000000,76270454
42500000,76347393
138000000,76416746
110000000,76482461
8000000,76657000
45000000,76665507
45000000,76904429
15000000,76954311
12000000,77063461
18000000,77147031
25000000,77208711
35000000,77220596
68000000,77224232
22000000,77229695
35000000,77392139
28000000,77477297
15000000,77514401
48000000,77562568
32000000,77593167
115000000,77628265
18000000,77635035
75000000,77636443
23000000,77735925
6400000,78019031
15000000,78054825
60000000,78080697
10000000,78096553
16000000,78208812
40000000,78269970
85000000,78353508
11000000,78356170
60000000,78481410
30000000,78571737
20000000,78613981
29000000,78652395
25000000,78656813
10000000,78693371
24000000,78714211
20000000,78769428
2000000,78900000
85000000,78948765
130000000,79076678
20000000,79114085
4000000,79250193
5000000,79282312
55000000,79312301
6400000,79384539
45000000,79564960
12000000,79817937
32000000,79915361
33000000,79958599
13500000,80000000
8200000,80000000
43000000,80013623
23000000,80171596
18000000,80227619
30000000,80276156
50000000,80369970
58000000,80480566
22000000,80491516
9000000,80500000
50000000,80583311
45000000,80594860
27000000,80681183
60000000,80767884
85000000,80831893
60000000,81079566
39000000,81150788
2000000,81197047
4500000,81198894
11000000,81204830
25000000,81249176
31500000,81250488
26000000,81275291
20000000,81424988
21000000,81452811
20000000,81461343
30000000,81529000
3500000,81600000
30000000,81613606
16000000,81742618
9000000,81831866
35000000,81967450
12300000,81972846
8000000,82000000
100000000,82145379
30000000,82148538
60000000,82150183
25000000,82150642
28000000,82183683
4800000,82241110
32000000,82332450
32000000,82339483
30000000,82409520
12000000,82497035
50000000,82751189
60000000,82812456
14000000,82925064
8000000,82955633
25000000,82991460
50000000,83034523
9000000,83051676
85000000,83080084
11000000,83088295
35000000,83109359
35000000,83226569
30000000,83282296
50000000,83306268
2280000,83320000
3500000,83453539
5500000,83529758
24000000,83531958
10000000,83593107
24000000,83660160
16500000,83792062
42000000,83833602
60000000,84154026
35000000,84606030
30000000,84646831
12000000,84970337
137000000,85131830
20000000,85146165
11000000,85278712
10000000,85300000
36000000,85315070
12000000,85512300
24000000,85527867
75000000,85632458
35000000,85761789
35000000,85911226
5700000,86051320
2800000,86300000
25500000,86301599
5000000,86362372
72500000,86509602
48000000,86607223
35000000,86648359
24000000,86765463
40000000,86778557
80000000,86787530
69000000,86796502
20000000,86858578
23000000,86930411
18000000,87000000
16000000,87041569
38000000,87098466
58000000,87100000
60000000,87123569
40000000,87145086
68000000,87173475
9400000,87226613
4000000,87400000
90000000,87420776
55000000,87524497
109000000,87683966
3000000,87727807
40000000,87949859
30000000,87956618
15000000,87973835
40000000,88069880
50000000,88316835
15500000,88611837
95000000,88725100
60000000,88832210
70000000,88933562
32000000,88978458
35000000,89102315
12000000,89309178
32000000,89441732
25000000,89476265
75000000,89758389
50000000,89895930
30000000,89955540
35000000,90221182
48000000,90376224
10000000,90384306
26000000,90396664
100000000,90420758
10000000,90453550
60000000,90482317
17500000,90508336
45000000,90523726
55000000,90552675
23000000,90614445
40000000,90717684
60000000,90723216
8000000,90815558
77500000,90905178
25000000,91036760
40000000,91126600
3000000,91266581
45000000,91342494
30000000,91388487
40000000,91455875
18000000,91651878
42000000,91678442
40000000,91729503
100000000,91800000
28000000,91943956
10000000,92094360
40000000,92111551
20000000,92217729
40000000,92256918
18000000,92357499
30000000,92494381
22000000,92542418
12000000,92618117
17000000,92670237
20000000,92678948
50000000,92690959
12000000,92863945
18000000,92935067
16000000,92961960
21500000,92987651
10000000,93074616
120000000,93394462
27000000,93469699
15000000,93589701
13500000,93631744
58000000,93672764
20000000,93931360
28000000,94050951
30000000,94207861
45000000,94215000
22000000,94270488
28000000,94500826
50000000,94704227
28000000,94728529
38000000,94763758
32000000,94875000
95000000,94894448
75000000,94944017
70000000,94973540
17000000,95092667
35000000,95104304
100000000,95255485
60000000,95538560
75000000,95572749
13000000,95638592
22000000,95708457
12000000,95800000
35000000,95825125
30000000,95857262
40000000,95989590
82000000,96024898
37000000,96068724
35000000,96096018
20000000,96147688
80000000,96148711
100000000,96221971
40000000,96398826
30000000,96439723
50000000,96469187
25000000,96633833
26000000,96666486
27500000,96673002
27000000,96900000
72000000,96947540
85000000,96971293
25000000,97030468
37000000,97143987
75000000,97387965
29000000,97413527
40000000,97470701
100000000,97523020
28000000,97531134
7000000,97600000
50000000,97651543
52000000,97709034
17000000,97778356
35000000,97799865
11000000,97837138
20000000,98114471
100000000,98227017
38000000,98230839
18000000,98267558
80000000,98341932
25000000,98406855
5000000,98595211
55000000,98699769
7000000,98754000
15000000,98800000
60000000,98819789
53000000,98837872
12000000,98963392
80000000,98983590
80000000,99010667
13000000,99034125
100000000,99123656
17500000,99135571
32000000,99296462
35000000,99423000
37000000,99595932
200000,99750000
60000000,99823958
1500000,99870886
11500000,99930262
60000000,100230832
5000000,100486616
41000000,100622586
8000000,100642353
60000000,100645801
31000000,100655892
58000000,100687083
46000000,100833145
65000000,100851897
12000000,100919111
58000000,100993260
60000000,101134059
40000000,101162106
7303082,101173038
24000000,101363301
80000000,101371017
28000000,101379287
60000000,101382396
19000000,101564935
64000000,101636047
1000000,101759490
37000000,101857425
25000000,101937062
20000000,102034104
28000000,102053581
35000000,102115888
36000000,102226631
23600000,102236596
6000000,102300000
6000000,102308900
39000000,102332135
60000000,102332848
26000000,102404019
30000000,102716321
45000000,102746214
47000000,102825796
14000000,102836002
18000000,102912961
25000000,102992536
12000000,103028188
100000000,103039258
18000000,103215094
30000000,103284813
40000000,103429755
28000000,103452875
5000000,103683342
70000000,103735965
35000000,103787401
1200000,103880027
73000000,103891409
60000000,104100903
65000000,104267443
30000000,104283753
60000000,104324083
57000000,104364680
40000000,104407366
60000000,104429625
50000000,104488383
16000000,104504817
45000000,104505362
95000000,104907746
49000000,105002056
88000000,105021488
50000000,105103783
28000000,105159085
30000000,105173042
50000000,105246941
80000000,105299638
75000000,105445109
38000000,105887837
40000000,105945357
90000000,106000000
30000000,106030660
31000000,106282604
40000000,106511453
80000000,106515310
40000000,106548738
7500000,106593296
30000000,107054484
53012938,107190108
120000000,107212751
12000000,107217396
38000000,107597242
48000000,107752036
62000000,107822813
9000000,107967319
78000000,108086731
60000000,108119662
54000000,108185706
5000000,108286422
80000000,108469033
35000000,108758521
4400000,108981275
60000000,108996113
18500000,109175673
5000000,109273197
72500000,109362966
13000000,109421911
4000000,109492484
17000000,109793192
17500000,109843390
53000000,109848461
20000000,109862682
55000000,110387072
52000000,110400000
22000000,110521733
95000000,110623265
38000000,110678636
12000000,110989157
50000000,111300835
20000000,111448997
9000000,111534881
9500000,111600000
35000000,111854182
11000000,111859493
60000000,111946251
45000000,112006296
23000000,112036870
47500000,112214531
48000000,112610386
25000000,112798051
28000000,112914167
32500000,112964875
50000000,113309743
80000000,113325743
35000000,113354449
12000000,113373764
46000000,113402302
45000000,113417762
85000000,113487912
68000000,113542091
156000000,113611666
46000000,113622499
55000000,113805580
45000000,113916474
25000000,114576403
70000000,114658262
30000000,114770654
40000000,114830111
35000000,114962525
85000000,114979922
30250000,115021008
25000000,115036108
30000000,115121608
30000000,115150424
14000000,115592104
7200000,116000000
30000000,116025023
17000000,116044347
35000000,116177695
70000000,116625798
47000000,116773317
38000000,116809717
32000000,116898028
4000000,117085297
50000000,117211892
36000000,117448157
38000000,117523786
45000000,117615211
35000000,117729621
70000000,117800000
40000000,118097882
10800000,118209778
20000000,118537627
67500000,118556530
10000000,118557124
51000000,118583844
50000000,118729073
13000000,118888025
50000000,119114494
50000000,119180938
25000000,119295584
2600000,119500000
75000000,119512771
40000000,119627047
80000000,119668350
38000000,119721296
16000000,119739110
25000000,119923801
38000000,120000000
90000000,120100000
15000000,120192350
40000000,120455994
10000000,120678444
25000000,120832383
37500000,120925697
40000000,121032272
100000000,121100000
60000000,121327628
145000000,121671925
10700000,121706019
45000000,122071435
55000000,122079192
20000000,122133227
35000000,122213085
13000000,122244329
65000000,122519874
30000000,122529966
15000000,123327692
12000000,123681790
25000000,123696741
14500000,123709460
150000000,123888320
13000000,123922370
70000000,123954323
48000000,124304264
60000000,124514011
60000000,124715863
40000000,124823094
40000000,124827316
3000000,124900000
50000000,125168734
14000000,125212904
17000000,125250091
25000000,125339088
60000000,126037057
40000000,126069509
35000000,126204977
55000000,126425115
32000000,126539117
28000000,126549607
40000000,126646119
50200000,126931325
40000000,127234389
75000000,127361412
62000000,127630030
22000000,127767889
110000000,127983283
45000000,127990741
100000000,128131571
16000000,128256712
50000000,128402901
65000000,128468793
25000000,128745578
40000000,128792135
65000000,128874043
40000000,128884494
15000000,128885873
15000000,128955898
55000000,129075270
11000000,129262388
30000000,129779728
60000000,129832389
50000000,130214162
54000000,130402010
80000000,130580730
102000000,130673154
27000000,130759651
42000000,130788243
18000000,130953026
60000000,130968579
70000000,131011757
42000000,131052444
80000000,131159306
53000000,131159781
80000000,131234406
45000000,131237688
22500000,131263370
60000000,131377412
70000000,131445884
75000000,131492772
20000000,131945303
20000000,132121212
65000000,132397389
40000000,132440066
61000000,132493015
113500000,132999811
24000000,133000000
30000000,133085295
28000000,133162752
3400000,133276359
140000000,133553464
63700000,133603463
17000000,133735284
109000000,133818283
30000000,133946923
52500000,134612435
10000000,134639780
16500000,134993774
60000000,135015330
10000000,135759694
45000000,135808837
80000000,136047317
40000000,136123083
55000000,136143605
30000000,136706683
17000000,136890774
45000000,136998907
70000000,137022245
40000000,137047376
84000000,137162560
85000000,137298489
70000000,137431619
67500000,137489730
60000000,137551594
65000000,137768975
6000000,137963328
25000000,137984788
35000000,139000000
28000000,139109346
34000000,139359078
40000000,139474906
14000000,139700000
100000000,139716717
53000000,139801290
65000000,139840525
90000000,139877913
777000,140000000
175000000,140012608
20000000,140122225
19000000,140428314
32000000,140428499
1200000,140556781
5000000,140619520
120000000,140845191
28000000,140894685
90000000,140900000
35000000,140949327
45000000,141189101
9000000,141200000
65000000,141205169
23000000,141247413
75000000,141267370
80000000,141475336
40000000,141484812
3000000,141600000
18000000,141809235
25000000,142033509
30000000,142051255
150000000,142634358
80000000,142783718
90000000,143049560
82500000,143985708
50000000,144110682
18000000,144529078
40000000,145238250
100000000,145395745
62000000,145443360
61000000,145594548
12000000,145712897
45000000,146162920
50000000,146195159
40000000,146300356
22000000,146590987
35000000,146595891
26000000,146850273
80000000,147080413
50000000,147142328
14500000,147542381
60000000,147985373
15000000,148095566
11000000,148168459
65000000,148345997
17500000,148586910
86000000,148715342
5000000,148868835
55000000,149022650
57000000,149217355
25000000,149228078
51000000,149270999
60000000,149705852
85000000,149717124
40000000,149804632
46000000,150000000
20000000,150350000
85000000,150422946
110000000,150468000
79000000,150519217
70000000,150562164
40000000,150886329
48000000,151463090
23000000,151496097
18000000,151668774
175000000,151716815
55000000,151947179
50000000,152022333
32000000,152036382
40000000,152266007
55000000,152269033
110000000,152364370
60000000,152457863
25000000,152500343
37000000,152566881
30000000,152627960
5000000,152925093
57000000,153007424
40000000,153060045
55000000,153535982
20000000,153698625
25000000,153733800
55000000,154017885
140000000,154110769
20000000,154218168
54000000,154338601
65000000,154362963
40000000,155011165
14000000,155056263
45000000,155200000
27000000,155564919
75000000,155708695
90000000,155750628
30000000,155769678
45000000,155931301
42000000,156167015
24000000,156229050
50000000,156399644
40000000,156553592
50000000,156602194
70000000,156815529
30000000,156822020
36000000,156835197
65000000,156974557
90000000,157092943
60000000,157670733
85000000,157794205
135000000,157956466
10000000,158185073
55000000,158500000
40000000,158527918
40000000,158701644
70000000,158702748
80000000,158750817
58000000,158905324
80000000,158908290
80000000,158926474
14400000,159157447
60000000,159356941
55000000,159387195
5500000,159616327
95000000,159691085
50000000,159745279
90000000,159762983
35000000,159846429
36000000,160000000
60000000,160038407
30000000,160247805
70000000,160379930
82500000,160388063
30000000,160502573
31000000,160558438
46000000,160648493
60000000,160700000
26000000,160822438
15000000,160903019
45000000,160971922
85000000,161510853
50000000,161626121
7000000,161800000
40000000,161838076
5000000,161921515
50000000,161941727
40000000,162610473
47000000,162738726
90000000,162753837
60000000,162778384
30000000,162838373
92500000,162839667
73000000,162870525
120000000,163018913
45000000,163126676
65000000,163295654
65000000,163527824
30000000,163644662
135000000,163818556
55000000,163838217
10000000,163876815
25000000,164051250
60000000,164285587
31000000,164350409
45000000,164539660
20000000,164675402
80000000,164800000
60000000,165048228
35000000,165103952
115000000,165149302
80000000,165173909
30000000,165334774
33000000,165552290
44000000,165600852
30000000,165889117
60000000,165890634
90000000,165900000
120000000,166000000
84000000,166307945
54000000,166617328
30000000,166842739
40000000,166893990
120000000,167117548
155000000,167297191
15000000,167780960
30000000,167791704
40000000,167851995
110000000,167918847
37000000,168167798
80000000,168311558
29000000,168841459
30000000,169173206
100000000,169296573
90000000,169400000
95000000,169511609
40000000,169590606
60000000,169740988
17500000,169955142
60000000,170200225
45000000,170327930
30000000,170466405
7000000,170549753
80000000,170805525
100000000,170936470
50000000,171269535
25000000,171302226
100000000,171377916
110000000,171484051
20000000,171685793
50000000,172185754
60000000,172450423
70000000,172543519
65000000,172825854
42000000,173044410
15000000,173046663
33000000,173559438
37000000,173567581
85000000,173613482
70000000,174102281
175000000,174131329
10350000,174201661
55000000,174463257
45000000,174810815
35000000,175361578
20000000,175507800
22000000,175516617
163000000,175910315
72000000,176101721
60000000,176262839
55000000,176469428
30000000,176885658
13900000,177012173
30000000,177025498
15000000,177200000
110000000,177241171
26000000,177344230
3000000,177512032
17000000,177535958
40000000,177835231
80000000,177993801
80000000,178066569
45000000,178100000
115000000,178200000
40000000,178710620
50000000,178890782
53000000,179209685
78000000,179265204
149000000,179357126
180000000,180047784
65000000,180148897
80000000,180188905
20000000,181025343
80000000,181038616
40000000,181053657
25000000,181185387
20000000,181457297
30000000,181489203
160000000,181674817
179000000,181982519
35000000,182291969
38000000,182365114
80000000,182782518
20000000,183097323
97000000,183124621
17000000,183316455
80000000,183354514
138000000,184068357
30000000,184075552
1488000,184925485
14000000,185400000
85000000,185708462
50000000,185798265
26000000,185904750
90000000,186049020
50000000,186450317
60000000,186883563
10000000,187281115
40000000,187384627
27500000,187500000
29000000,187707495
45000000,187995859
91000000,188536838
63000000,188657593
58000000,188715611
66000000,189176423
55000000,189624452
22000000,189800000
25000000,189922583
23000000,190191646
40000000,190212113
82000000,190320568
90000000,191091250
90000000,191200000
40000000,191200000
30000000,191502246
85000000,191932158
55000000,192903624
68000000,193500000
36000000,193737977
60000000,193857962
60000000,194058503
66000000,194169619
450000,194183034
150000000,194995215
40000000,195111193
28000000,195300000
56000000,195660942
48000000,196308367
75000000,196320329
60000000,196439693
55000000,196565669
40000000,197232734
60000000,197242826
30000000,197593152
30000000,197618160
195000000,197687603
35000000,197692062
56000000,198006880
55000000,198750909
60000000,199043309
30000000,200500000
60000000,200700000
90000000,200859554
26000000,201324422
7000000,201463574
26000000,202000000
13500000,202000000
28000000,202043881
5000000,202053386
50000000,202173000
70000000,202726605
42000000,202812429
90000000,202910991
140000000,203018919
75000000,203035572
47000000,203178872
50000000,203502372
35000000,203555567
9000000,203630630
90000000,203877963
90000000,203902107
80000000,204774690
85000000,205190324
38000000,205298907
34000000,205312666
40000000,205400000
150000000,205440387
20000000,205445075
52000000,205727307
78000000,206455420
38000000,206512310
60000000,206598789
70000000,207068340
70000000,207154748
170000000,207283457
62000000,207500000
17000000,207765056
50000000,208094550
48000000,208300000
110000000,208370892
85000000,208542162
20000000,208900376
72000000,209045522
100000000,209461378
80000000,210253368
31000000,210300000
75000000,211562435
66000000,211700000
65000000,211739043
125000000,211856088
100000000,212026975
55000000,212200000
102500000,212282709
30000000,212400000
35000000,212417601
30000000,212453431
135000000,212912137
8000000,212928762
100000000,212956024
25000000,213120004
45000000,213420951
70000000,213463976
75000000,213500000
15000000,213514672
60000000,214357371
55000000,214392904
50000000,214949716
80000000,214974953
130000000,215080810
110000000,215300000
19000000,215448997
40000000,215862692
15000000,216600000
68000000,217022588
50000000,217196811
60000000,217370736
52000000,217569328
60000000,217670152
160000000,217986320
35000000,218535708
60000000,218613188
75000000,218673959
110000000,218853353
27500000,219265952
200000000,219535492
75000000,219572877
32000000,220236410
70000000,220241723
55000000,220648184
6000000,221148959
175000000,221229335
80000000,221468935
75000000,221594911
65000000,221662676
50000000,222383055
95000000,223050874
50000000,223564608
82500000,223636949
80000000,224117573
85000000,224614744
40000000,224922135
1000000,225000000
10000000,225933435
152000000,225986078
50000000,225990976
80000000,226739416
25000000,226941585
44500000,227140757
120000000,227200000
15000000,227773686
42000000,227793915
30000000,228641283
144000000,229034050
110000000,229155503
25000000,229518131
120000000,229545589
43000000,229727774
7000000,231450102
35000000,231711151
30000000,231928227
112000000,232017848
103300000,232643008
80000000,233066978
65000000,233125712
65000000,233700000
100000000,234400000
12000000,234723148
25000000,234981342
90000000,235900000
150000000,235907054
76000000,236410607
21000000,236412453
33000000,236500000
50000000,236799211
100000000,236827677
82500000,237685089
24000000,237814327
50000000,238059569
150000000,238202668
125000000,238317814
60000000,238552082
50000000,238757137
65000000,238940997
90000000,239373970
16400000,239500000
14000000,239606210
70000000,239814025
125000000,240497948
80000000,241200000
4500000,242895809
120000000,242981799
45000000,243180937
100000000,243388614
40000000,244088654
90000000,244126300
137000000,245229234
35000000,245300000
135000000,245504574
135000000,245623848
41000000,245768384
80000000,245800000
30000000,246100000
16000000,246400000
80000000,247023808
16000000,247474497
60000000,247812011
45000000,247950247
73243106,248099143
48000000,248218486
600000,248300000
100000000,249488115
90000000,249520430
80000000,250200000
99000000,250474038
85000000,250649836
70000000,250700000
65000000,250800000
5000000,251359904
130000000,251499665
60000000,252091016
35000000,252276928
60000000,253555383
65000000,255000000
180000000,256585882
6500000,256873813
71682975,257641634
50000000,257805243
40000000,257878294
3500000,257938649
50000000,257972745
31000000,258210860
117000000,258751370
55000000,259541430
90000000,259736090
275000000,260002115
80000000,260700012
65000000,261400000
18000000,261443242
65000000,262758310
100000000,262794441
137500000,263417913
2900000,263591415
110000000,263880341
50000000,263894551
95000000,263900000
60000000,264118201
175000000,264246220
80000000,266685242
80000000,266824291
70000000,267200000
37000000,267816276
100000000,267985456
858000,268000000
82000000,268268174
140000000,268314513
7000000,268500000
105000000,269065678
145000000,269806430
42000000,270340892
18000000,270944428
105000000,270997378
75000000,272223430
130000000,273271982
94000000,273330185
65000000,273346281
55000000,273814019
50000000,274000000
78000000,274392649
11000000,274392880
25000000,274543085
19000000,274949886
20000000,275726716
85000000,276014965
84000000,276294164
20000000,276665036
5000000,276841585
19000000,277200000
170000000,277442381
100000000,278731369
26000000,279500000
125000000,280355920
25000000,281527158
55000000,282300000
275000000,282778100
30000000,283200000
40000000,283218368
140000000,285400000
120000000,286192091
8200000,286214286
30000000,286500000
135000000,286896578
29000000,287130801
150000000,287594577
120000000,287916633
120000000,288215319
85000000,288587450
90000000,288693989
32500000,289527030
90000000,289660619
130000000,290650494
60000000,290701374
63000000,292738626
150000000,292817841
71500000,294156605
95000000,294680778
30000000,295212467
110000000,295279072
57500000,295874190
75000000,296339717
110000000,296642834
105000000,298815224
46000000,298923419
80000000,299461782
85000000,299477886
170000000,300150546
55000000,300200000
44000000,300400000
70000000,300854823
110000000,302211243
175000000,302469017
45000000,302710615
90000000,303500000
92000000,304249198
55000000,304599899
209000000,305218228
150000000,305270083
35000000,305705794
30000000,306771047
145000000,306900902
12000000,307166834
55000000,307325633
40000000,307353906
70000000,308700000
60000000,310043823
70000000,310138178
35000000,310332636
100000000,310650574
61000000,310697192
80000000,310940997
40000000,311270008
74000000,311594032
85000000,311744465
100000000,311979256
50000000,314111923
200000000,314594597
40000000,314709717
85000000,315268353
190000000,315709697
15000000,316300000
70000000,316915264
78000000,317668058
20000000,318000141
79000000,318146162
170000000,319090241
35000000,319700000
150000000,319713881
14000000,320100000
25000000,321365567
130000000,321887208
210000000,322241588
100000000,325500000
35000000,326073155
48000000,327656424
150000000,328015209
30000000,328125643
8800000,328203506
90000000,328675540
120000000,328711434
160000000,329809326
87500000,330717080
110000000,330780051
13000000,331266710
100000000,331323410
50000000,331333876
150000000,331775766
40000000,332000000
28000000,333080271
65000000,334100000
187500000,334342692
75000000,336069511
185000000,336398312
100000000,336529144
20000000,337700000
110000000,339504276
85000000,340384141
75000000,342416460
75000000,342769200
80000000,343397247
125000000,344780046
85000000,345114933
123000000,345141403
55000000,347100000
90000000,347425832
34000000,348319861
110000000,348547523
105000000,348629585
80000000,349088523
180000000,349143061
80000000,349464664
87000000,350100280
67500000,350976753
190000000,351040419
70000000,351500000
18000000,351620129
40000000,351774938
73000000,352829528
130000000,352831065
44000000,353715317
160000000,355408305
52000000,355612291
127500000,356148063
15000000,356258047
60000000,356429941
127000000,356546621
15000000,356800601
45000000,358500000
102000000,358824714
20000000,358994850
150000000,359142722
22000000,360099999
135000000,361730660
103000000,362000072
100000000,362211740
55000000,362605033
110000000,362989076
85000000,363064265
45000000,363095319
42000000,363728226
30000000,364545516
100000000,365300000
200000000,365491792
93000000,365900000
90000000,366101666
55000000,366784257
205000000,367262558
132000000,367650911
61000000,368567189
178000000,370541256
140000000,370569776
150000000,370742166
75000000,371917043
130000000,373993951
232000000,374085065
65000000,374105123
150000000,374825760
5000000,374890034
140000000,375740705
125000000,376000000
55000000,376856949
45000000,377807404
85000000,378505812
175000000,381687380
110000000,382288147
14000000,384519665
85000000,385000317
19000000,385524862
140000000,385680446
130000000,386069390
56000000,386096060
65000000,386116343
6000000,387513770
165000000,387644286
20000000,389925971
50000000,390500000
3900000,390525192
100000000,391976723
150000000,397501348
195000000,397644453
200000000,400062763
12000000,400214478
170000000,401021746
150000000,402231063
37000000,402280159
125000000,402448265
105000000,403841637
94000000,404561724
175000000,405760225
125000000,407711549
70702619,408269295
25000000,410900000
190000000,411002906
35000000,411348924
25000000,412800000
57500000,415247258
120000000,416197059
80000000,416385488
115000000,416456852
225000000,417341288
155000000,418186950
19000000,424200000
85000000,427230516
150000000,427300260
15000000,430821168
142000000,431942139
14000000,432645872
170000000,433058296
160000000,433125655
20000000,433574208
98000000,435040395
155000000,440160956
25000000,441286003
140000000,441767803
130000000,442161562
65000000,442169052
70000000,443483213
145000000,448191819
151500000,449239855
150000000,449326618
100000000,449948323
85000000,450728529
20000000,451329842
60000000,454161935
140000000,456810575
40000000,457507776
103000000,457683805
80000000,457697994
60000000,457729388
210000000,459359555
70000000,461651246
65000000,463517383
35000000,465764086
190000000,467381584
110000000,469590832
12000000,470700000
80000000,470751398
48000000,474171806
150000000,475825484
15000000,476684675
93000000,482860185
150000000,484161265
81000000,484468608
10800000,484873045
125000000,485004754
65000000,485035085
110000000,486124090
90000000,487519809
200000000,490359051
150000000,490875846
50000000,491812794
125000000,492557218
125000000,493214888
130000000,493738435
165000000,494870991
88000000,495700000
165000000,496511521
90000000,498438212
28000000,504050219
90000000,511358276
100000000,513815401
60000000,516567575
22000000,517600000
130000000,518602163
140000000,518614384
72500000,527071022
160000000,529076069
190000000,531514650
180000000,532590994
135000000,532950503
23000000,534171960
95000000,534551353
125000000,535663443
178000000,542742489
69000000,543495033
58000000,547326372
120000000,549588516
207000000,550517357
60720000,552198479
140000000,554600000
185000000,554606532
130000000,554987477
50000000,556016627
125000000,556319450
75000000,556559566
115000000,559757719
200000000,560155383
185000000,561137727
110000000,563749323
217000000,568923844
40000000,570998101
32500000,572705079
135000000,573068425
110000000,579446407
186000000,584604126
150000000,585532684
80000000,586464305
260000000,586581936
90000000,587790539
230000000,591692078
102000000,594420283
150000000,599516844
132000000,606836535
120000000,607987022
92000000,614726752
127000000,615577068
52000000,615748877
145000000,616102924
75000000,618638999
25000000,622341924
170000000,623561331
150000000,624234272
150000000,626549695
75000000,627886287
125000000,629969804
130000000,631910531
125000000,634954103
175000000,638087983
150000000,639537208
150000000,644602516
160000000,650523427
75000000,651899282
165000000,652127828
215000000,654213485
115000000,656695615
108000000,663851905
150000000,664837547
225000000,667999518
165000000,668913307
40000000,672806292
165000000,677541920
80000000,677923379
55000000,679850637
50000000,687557727
127500000,689420051
145000000,694713230
110000000,695941797
150000000,700868363
68000000,706102828
151000000,708272592
200000000,708996336
170000000,710644566
170000000,714401889
180000000,720539572
175000000,731542621
150000000,738576929
200000000,743588329
175000000,746100054
145000000,746921271
200000000,747862775
165000000,756244673
220000000,757890267
180000000,758536735
125000000,766652288
125000000,767820459
170000000,771100771
230000000,776037086
200000000,783705001
150000000,785964691
185000000,786558145
11000000,786598007
200000000,788408539
160000000,789300444
10500000,792965326
130000000,796688549
58000000,801029249
180000000,803798342
160000000,807330936
75000000,817400878
139000000,821706375
75000000,823755831
136200000,829724737
160000000,832584416
210000000,836519699
115000000,848998877
175000000,853707581
200000000,858470006
90000000,859701857
130000000,864868047
250000000,868160194
75000000,875958307
100000000,878979634
300000000,879620923
95000000,879765137
109000000,887210985
258000000,890875303
150000000,896911078
94000000,934699645
250000000,935083686
94000000,936429370
70000000,937008132
150000000,942943935
250000000,955119788
125000000,960283305
250000000,960366855
300000000,963420425
175000000,963901123
125000000,974755371
76000000,975216835
79300000,987480140
185000000,1002572859
250000000,1017003568
150000000,1019922983
200000000,1022617376
200000000,1025491110
115000000,1027044677
63000000,1038812584
250000000,1045663875
200000000,1050988488
225000000,1066215812
200000000,1069818229
275000000,1084439099
210000000,1104039076
200000000,1110526981
195000000,1123790543
94000000,1141403341
250000000,1151684349
74000000,1167245366
200000000,1215392272
250000000,1237444462
160000000,1260122363
150000000,1274234980
125000000,1341511219
250000000,1404705868
190000000,1516748684
225000000,1519479547
215000000,1671640593
306000000,2058662225
200000000,2207615668
425000000,2783918982